{
  "all": {
    "num_images": 100,
    "psnr_mean": 29.901522450017463,
    "psnr_std": 1.5557100802748276,
    "psnr_min": 24.341211892400203,
    "psnr_max": 33.31789497471064,
    "ssim_mean": 0.8210206936381613,
    "ssim_std": 0.025646207372612452,
    "ssim_min": 0.6873277354896813,
    "ssim_max": 0.8791993952873196
  }
}