{
  "all": {
    "num_images": 100,
    "psnr_mean": 38.007444346692616,
    "psnr_std": 1.5295744127318975,
    "psnr_min": 30.341775080895097,
    "psnr_max": 41.307472579562074,
    "ssim_mean": 0.9519971463561661,
    "ssim_std": 0.01050246716492992,
    "ssim_min": 0.8879361765329619,
    "ssim_max": 0.9720801968093623
  }
}