{
  "20": {
    "num_images": 3,
    "psnr_mean": 29.63239034016927,
    "psnr_std": 3.491930224470122,
    "psnr_min": 25.176654815673828,
    "psnr_max": 33.70421600341797,
    "ssim_mean": 0.8715946157534379,
    "ssim_std": 0.02926856952524629,
    "ssim_min": 0.8401187419848357,
    "ssim_max": 0.9106118518316264
  },
  "40": {
    "num_images": 3,
    "psnr_mean": 32.98419952392578,
    "psnr_std": 3.0869923966292125,
    "psnr_min": 29.31713104248047,
    "psnr_max": 36.86925506591797,
    "ssim_mean": 0.9294220133488279,
    "ssim_std": 0.014083086834102237,
    "ssim_min": 0.9167677603275891,
    "ssim_max": 0.9490683895575777
  },
  "60": {
    "num_images": 3,
    "psnr_mean": 35.72738393147787,
    "psnr_std": 2.911248364881608,
    "psnr_min": 32.329856872558594,
    "psnr_max": 39.44001388549805,
    "ssim_mean": 0.9607018432738671,
    "ssim_std": 0.007474055338619252,
    "ssim_min": 0.9549795877984962,
    "ssim_max": 0.97125934022132
  },
  "80": {
    "num_images": 3,
    "psnr_mean": 39.57881164550781,
    "psnr_std": 3.0018403079160185,
    "psnr_min": 36.018592834472656,
    "psnr_max": 43.36146926879883,
    "ssim_mean": 0.9827849592299828,
    "ssim_std": 0.0034134664798048755,
    "ssim_min": 0.9803686171388576,
    "ssim_max": 0.9876123288452732
  }
}