{
  "20": {
    "num_images": 3,
    "psnr_mean": 39.51690800984701,
    "psnr_std": 2.9718926110608206,
    "psnr_min": 35.92235565185547,
    "psnr_max": 43.200347900390625,
    "ssim_mean": 0.9829385063093404,
    "ssim_std": 0.003350338644135371,
    "ssim_min": 0.9804383211246952,
    "ssim_max": 0.9876741345961354
  },
  "40": {
    "num_images": 3,
    "psnr_mean": 35.70940144856771,
    "psnr_std": 3.01803990538453,
    "psnr_min": 32.246097564697266,
    "psnr_max": 39.601375579833984,
    "ssim_mean": 0.9603210882591521,
    "ssim_std": 0.007890751669103588,
    "ssim_min": 0.9545379522462847,
    "ssim_max": 0.9714777906412447
  },
  "60": {
    "num_images": 3,
    "psnr_mean": 32.89068349202474,
    "psnr_std": 2.823907342153717,
    "psnr_min": 29.5291748046875,
    "psnr_max": 36.43875503540039,
    "ssim_mean": 0.9289822854163177,
    "ssim_std": 0.01343371620414104,
    "ssim_min": 0.9170202037301949,
    "ssim_max": 0.9477452880759781
  },
  "80": {
    "num_images": 3,
    "psnr_mean": 29.858944574991863,
    "psnr_std": 3.0670372974590796,
    "psnr_min": 25.990514755249023,
    "psnr_max": 33.49213409423828,
    "ssim_mean": 0.8727525483152365,
    "ssim_std": 0.028468677308384815,
    "ssim_min": 0.8423499452686495,
    "ssim_max": 0.9108112267118101
  }
}